StartDate,Q1,Q2,Q3_1,Q3_2,Q3_3,Q4_1,Q5_1,Q17,Q4_1_numeric,Q5_1_numeric,Q4_1_category,Q5_1_category
2026-09-22 10:29:29,Keough School of Global Affairs,Creating Powerful Moments as a High-Functioning Team - 9/22/26,Agree,Agree,Tend to agree,10,9,,10.0,9.0,Promoter,Promoter
2026-09-22 10:29:35,Keough School of Global Affairs,Creating Powerful Moments as a High-Functioning Team - 9/22/26,Agree,Tend to agree,Agree,8,8,It would be nice to have time for questions,8.0,8.0,Passive,Passive
2026-09-22 10:30:30,NDR,Creating Powerful Moments as a High-Functioning Team - 9/22/26,Agree,Agree,Agree,7,10,,7.0,10.0,Passive,Promoter
2026-09-22 10:30:10,College of Science,Creating Powerful Moments as a High-Functioning Team - 9/22/26,Tend to agree,Tend to agree,Tend to agree,8,8,,8.0,8.0,Passive,Passive
2026-09-22 10:30:29,NDR,Creating Powerful Moments as a High-Functioning Team - 9/22/26,Agree,Agree,Agree,10,10,,10.0,10.0,Promoter,Promoter
2026-09-22 10:29:51,NDR,Creating Powerful Moments as a High-Functioning Team - 9/22/26,Agree,Agree,Agree,10,10,,10.0,10.0,Promoter,Promoter
2026-09-22 10:29:19,NDR,Creating Powerful Moments as a High-Functioning Team - 9/22/26,Agree,Agree,Agree,10,10,The facilitator is an inspiring and enthusiastic presenter who engages participants,10.0,10.0,Promoter,Promoter
2026-09-22 10:29:38,NDR,Creating Powerful Moments as a High-Functioning Team - 9/22/26,Agree,Agree,Agree,,,,,,No Response,No Response
2026-09-22 14:31:47,NDR,Creating Powerful Moments as a High-Functioning Team - 9/22/26,Tend to agree,Tend to agree,Tend to agree,8,10,,8.0,10.0,Passive,Promoter
2026-09-22 14:31:59,College of Science,Creating Powerful Moments as a High-Functioning Team - 9/22/26,Tend to agree,Tend to agree,Tend to agree,7,7,,7.0,7.0,Passive,Passive
2026-09-22 14:31:54,NDR,Creating Powerful Moments as a High-Functioning Team - 9/22/26,Agree,Agree,Agree,8,8,,8.0,8.0,Passive,Passive
2026-09-22 14:32:26,Keough School of Global Affairs,Creating Powerful Moments as a High-Functioning Team - 9/22/26,Agree,Agree,Agree,10,10,"Excellent facilitator, great content, thank you",10.0,10.0,Promoter,Promoter
2026-09-22 14:33:21,College of Science,Creating Powerful Moments as a High-Functioning Team - 9/22/26,Agree,Agree,Agree,10,10,,10.0,10.0,Promoter,Promoter
2026-09-22 14:31:48,NDR,Creating Powerful Moments as a High-Functioning Team - 9/22/26,Agree,Agree,Agree,9,9,I like that the primary result was for us to identify something practical we can do to improve our teams,9.0,9.0,Promoter,Promoter
2026-09-22 17:09:22,NDR,Creating Powerful Moments as a High-Functioning Team - 9/22/26,Agree,Agree,Agree,8,9,,8.0,9.0,Passive,Promoter
